StudentRow,ClusterID,ParticipationProfile
1,2,High-start plateau learners
2,4,Intensive model optimizers
3,4,Intensive model optimizers
4,3,Low-start deliberate improvers
5,4,Intensive model optimizers
6,3,Low-start deliberate improvers
7,3,Low-start deliberate improvers
8,1,Minimal-time completers
9,1,Minimal-time completers
10,3,Low-start deliberate improvers
11,2,High-start plateau learners
12,2,High-start plateau learners
13,3,Low-start deliberate improvers
14,4,Intensive model optimizers
15,2,High-start plateau learners
16,3,Low-start deliberate improvers
17,4,Intensive model optimizers
18,3,Low-start deliberate improvers
19,4,Intensive model optimizers
20,4,Intensive model optimizers
21,3,Low-start deliberate improvers
22,3,Low-start deliberate improvers
23,2,High-start plateau learners
24,1,Minimal-time completers
25,2,High-start plateau learners
26,3,Low-start deliberate improvers
27,2,High-start plateau learners
28,3,Low-start deliberate improvers
29,3,Low-start deliberate improvers
30,2,High-start plateau learners
31,2,High-start plateau learners
32,4,Intensive model optimizers
33,2,High-start plateau learners
34,4,Intensive model optimizers
35,4,Intensive model optimizers
36,2,High-start plateau learners
37,4,Intensive model optimizers
38,2,High-start plateau learners
39,2,High-start plateau learners
40,4,Intensive model optimizers
41,2,High-start plateau learners
42,2,High-start plateau learners
43,2,High-start plateau learners
44,3,Low-start deliberate improvers
45,3,Low-start deliberate improvers
46,2,High-start plateau learners
47,2,High-start plateau learners
48,4,Intensive model optimizers
49,2,High-start plateau learners
50,2,High-start plateau learners
51,1,Minimal-time completers
52,4,Intensive model optimizers
53,3,Low-start deliberate improvers
54,1,Minimal-time completers
55,2,High-start plateau learners
56,2,High-start plateau learners
57,2,High-start plateau learners
58,2,High-start plateau learners
59,1,Minimal-time completers
60,2,High-start plateau learners
61,1,Minimal-time completers
62,2,High-start plateau learners
63,2,High-start plateau learners
64,2,High-start plateau learners
65,3,Low-start deliberate improvers
66,2,High-start plateau learners
67,2,High-start plateau learners
68,2,High-start plateau learners
69,3,Low-start deliberate improvers
70,2,High-start plateau learners
71,3,Low-start deliberate improvers
72,2,High-start plateau learners
73,3,Low-start deliberate improvers
74,2,High-start plateau learners
75,2,High-start plateau learners
76,2,High-start plateau learners
77,4,Intensive model optimizers
78,2,High-start plateau learners
79,1,Minimal-time completers
80,2,High-start plateau learners
81,2,High-start plateau learners
82,2,High-start plateau learners
83,3,Low-start deliberate improvers
84,3,Low-start deliberate improvers
85,3,Low-start deliberate improvers
86,3,Low-start deliberate improvers
87,2,High-start plateau learners
88,3,Low-start deliberate improvers
89,2,High-start plateau learners
90,2,High-start plateau learners
91,2,High-start plateau learners
92,2,High-start plateau learners
93,2,High-start plateau learners
94,2,High-start plateau learners
95,2,High-start plateau learners
96,3,Low-start deliberate improvers
97,2,High-start plateau learners
98,4,Intensive model optimizers
99,2,High-start plateau learners
100,2,High-start plateau learners
101,3,Low-start deliberate improvers
102,2,High-start plateau learners
103,2,High-start plateau learners
104,2,High-start plateau learners
105,1,Minimal-time completers
106,2,High-start plateau learners
107,3,Low-start deliberate improvers
108,3,Low-start deliberate improvers
109,1,Minimal-time completers
110,2,High-start plateau learners
111,2,High-start plateau learners
112,2,High-start plateau learners
113,2,High-start plateau learners
114,3,Low-start deliberate improvers
115,3,Low-start deliberate improvers
116,2,High-start plateau learners
117,2,High-start plateau learners
118,2,High-start plateau learners
119,1,Minimal-time completers

